{
    "mengine_n1": {
        "time_taken": 0.05732647499826271,
        "success": true
    },
    "mengine_n4": {
        "time_taken": 0.2502945249999584,
        "success": true
    },
    "mengine_n7": {
        "time_taken": 0.45634149199997864,
        "success": true
    },
    "mengine_n10": {
        "time_taken": 0.5886631839999836,
        "success": true
    },
    "mengine_n13": {
        "time_taken": 1.975330609000025,
        "success": true
    },
    "coqc_n1": {
        "time_taken": 0.20236815800001295,
        "success": true
    },
    "coqc_n4": {
        "time_taken": 0.4322532360000082,
        "success": true
    },
    "mengine_n6": {
        "time_taken": 0.225998897003592,
        "success": true
    },
    "mengine_n11": {
        "time_taken": 1.1739826179982629,
        "success": true
    },
    "mengine_n16": {
        "time_taken": 1.2612045940040844,
        "success": true
    },
    "mengine_n21": {
        "time_taken": 1.5602648970088921,
        "success": true
    },
    "mengine_n26": {
        "time_taken": 1.665349384988076,
        "success": true
    },
    "mengine_n31": {
        "time_taken": 1.8210111039952608,
        "success": true
    },
    "mengine_n36": {
        "time_taken": 1.6499838039890165,
        "success": true
    },
    "mengine_n41": {
        "time_taken": 2.2217139109998243,
        "success": true
    },
    "mengine_n46": {
        "time_taken": 2.331849907990545,
        "success": true
    },
    "mengine_n51": {
        "time_taken": 2.2536977550043957,
        "success": true
    },
    "mengine_n56": {
        "time_taken": 2.5388558379927417,
        "success": true
    },
    "mengine_n61": {
        "time_taken": 2.740726424002787,
        "success": true
    },
    "mengine_n66": {
        "time_taken": 3.0752917179925134,
        "success": true
    },
    "mengine_n71": {
        "time_taken": 2.9581737499975134,
        "success": true
    },
    "coqc_n2": {
        "time_taken": 0.15467720200001622,
        "success": true
    },
    "coqc_n3": {
        "time_taken": 0.2355434279999713,
        "success": true
    },
    "coqc_n5": {
        "time_taken": 1.031213775000026,
        "success": true
    },
    "coqc_n6": {
        "time_taken": 3.4328472110000234,
        "success": true
    },
    "coqc_n7": {
        "time_taken": 13.273605051000004,
        "success": true
    },
    "lean_n1": {
        "time_taken": 1.9959166479998203,
        "success": true
    },
    "lean_n2": {
        "time_taken": 2.1057491600001867,
        "success": true
    },
    "lean_n3": {
        "time_taken": 2.399173031999908,
        "success": true
    },
    "lean_n4": {
        "time_taken": 2.3398668249999446,
        "success": true
    },
    "lean_n5": {
        "time_taken": 4.020997267999974,
        "success": true
    },
    "lean_n6": {
        "time_taken": 12.321714251999992,
        "success": true
    },
    "lean_n7": {
        "time_taken": 60.079457736999984,
        "success": false
    },
    "lean_n8": {
        "time_taken": 60.088979606000066,
        "success": false
    },
    "lean_n9": {
        "time_taken": 60.079301272000066,
        "success": false
    },
    "lean_n10": {
        "time_taken": 60.077544559999296,
        "success": false
    },
    "lean_n11": {
        "time_taken": 60.08410466701025,
        "success": false
    },
    "lean_n12": {
        "time_taken": 60.103544950005016,
        "success": false
    },
    "lean_n13": {
        "time_taken": 60.0883258870017,
        "success": false
    },
    "lean_n14": {
        "time_taken": 60.02529302799667,
        "success": false
    }
}