{
    "mengine_n1": {
        "time_taken": 0.0060269910027273,
        "success": true
    },
    "mengine_n6": {
        "time_taken": 0.012410234019625932,
        "success": true
    },
    "mengine_n11": {
        "time_taken": 0.044545086988364346,
        "success": true
    },
    "mengine_n16": {
        "time_taken": 0.032272285025101155,
        "success": true
    },
    "mengine_n21": {
        "time_taken": 0.06922289100475609,
        "success": true
    },
    "mengine_n26": {
        "time_taken": 0.05504481800016947,
        "success": true
    },
    "mengine_n31": {
        "time_taken": 0.10178448900114745,
        "success": true
    },
    "mengine_n36": {
        "time_taken": 0.1497902300034184,
        "success": true
    },
    "mengine_n41": {
        "time_taken": 0.169617351013585,
        "success": true
    },
    "mengine_n46": {
        "time_taken": 0.1418835220101755,
        "success": true
    },
    "coqc_n1": {
        "time_taken": 0.5137408419977874,
        "success": true
    },
    "coqc_n6": {
        "time_taken": 0.4837608919769991,
        "success": true
    },
    "coqc_n11": {
        "time_taken": 0.45670193299883977,
        "success": true
    },
    "coqc_n16": {
        "time_taken": 0.7326667000015732,
        "success": true
    },
    "coqc_n21": {
        "time_taken": 0.7477704260090832,
        "success": true
    },
    "coqc_n26": {
        "time_taken": 0.5455595359962899,
        "success": true
    },
    "coqc_n31": {
        "time_taken": 0.6951284410024527,
        "success": true
    },
    "coqc_n36": {
        "time_taken": 0.6284972630091943,
        "success": true
    },
    "coqc_n41": {
        "time_taken": 0.7995140020211693,
        "success": true
    },
    "coqc_n46": {
        "time_taken": 0.6310772220022045,
        "success": true
    },
    "mengine_n51": {
        "time_taken": 0.25251517099968623,
        "success": true
    },
    "mengine_n61": {
        "time_taken": 0.3234882300021127,
        "success": true
    },
    "mengine_n71": {
        "time_taken": 0.4506641829939326,
        "success": true
    },
    "mengine_n81": {
        "time_taken": 0.6503865580016281,
        "success": true
    },
    "mengine_n91": {
        "time_taken": 0.8085064530023374,
        "success": true
    },
    "mengine_n101": {
        "time_taken": 1.0008312799909618,
        "success": true
    },
    "mengine_n111": {
        "time_taken": 1.2939301860023988,
        "success": true
    },
    "mengine_n121": {
        "time_taken": 1.5374472769908607,
        "success": true
    },
    "mengine_n131": {
        "time_taken": 1.960373042995343,
        "success": true
    },
    "mengine_n141": {
        "time_taken": 1.670696068991674,
        "success": true
    },
    "mengine_n151": {
        "time_taken": 2.030990601007943,
        "success": true
    },
    "mengine_n161": {
        "time_taken": 2.1807777420035563,
        "success": true
    },
    "mengine_n171": {
        "time_taken": 2.5887205350009026,
        "success": true
    },
    "mengine_n181": {
        "time_taken": 3.109424324997235,
        "success": true
    },
    "mengine_n191": {
        "time_taken": 3.571504862004076,
        "success": true
    },
    "mengine_n201": {
        "time_taken": 4.168666740995832,
        "success": true
    },
    "mengine_n211": {
        "time_taken": 4.734972449004999,
        "success": true
    },
    "mengine_n221": {
        "time_taken": 5.304489766000188,
        "success": true
    },
    "mengine_n231": {
        "time_taken": 6.047645522994571,
        "success": true
    },
    "mengine_n241": {
        "time_taken": 6.785360321999178,
        "success": true
    },
    "mengine_n251": {
        "time_taken": 7.451095163996797,
        "success": true
    },
    "coqc_n51": {
        "time_taken": 1.128905600000003,
        "success": true
    },
    "coqc_n61": {
        "time_taken": 0.7700850999999957,
        "success": true
    },
    "coqc_n71": {
        "time_taken": 0.8515987999999979,
        "success": true
    },
    "coqc_n81": {
        "time_taken": 1.0999908000000005,
        "success": true
    },
    "coqc_n91": {
        "time_taken": 1.2786912999999984,
        "success": true
    },
    "coqc_n101": {
        "time_taken": 1.4184594999999973,
        "success": true
    },
    "coqc_n111": {
        "time_taken": 1.7020788000000024,
        "success": true
    },
    "coqc_n121": {
        "time_taken": 1.961535099999999,
        "success": true
    },
    "coqc_n131": {
        "time_taken": 2.0600767999999974,
        "success": true
    },
    "coqc_n141": {
        "time_taken": 2.478446599999998,
        "success": true
    },
    "coqc_n151": {
        "time_taken": 2.623544900000006,
        "success": true
    },
    "coqc_n161": {
        "time_taken": 3.1693574000000098,
        "success": true
    },
    "coqc_n171": {
        "time_taken": 3.431935800000005,
        "success": true
    },
    "coqc_n181": {
        "time_taken": 3.7298021000000006,
        "success": true
    },
    "coqc_n191": {
        "time_taken": 4.18786209999999,
        "success": true
    },
    "coqc_n201": {
        "time_taken": 4.6160150999999985,
        "success": true
    },
    "coqc_n211": {
        "time_taken": 5.169920833999996,
        "success": true
    },
    "coqc_n221": {
        "time_taken": 5.723718123000012,
        "success": true
    },
    "coqc_n231": {
        "time_taken": 6.182949164000007,
        "success": true
    },
    "coqc_n241": {
        "time_taken": 6.989223200000012,
        "success": true
    },
    "mengine_n261": {
        "time_taken": 8.31838837399846,
        "success": true
    },
    "coqc_n251": {
        "time_taken": 8.010245641000012,
        "success": true
    },
    "coqc_n261": {
        "time_taken": 8.682114350000006,
        "success": true
    },
    "coqc_n271": {
        "time_taken": 9.435848716999999,
        "success": true
    },
    "mengine_n271": {
        "time_taken": 9.335698711991427,
        "success": true
    },
    "mengine_n281": {
        "time_taken": 10.300049022000167,
        "success": true
    },
    "mengine_n291": {
        "time_taken": 11.474272983003175,
        "success": true
    },
    "mengine_n301": {
        "time_taken": 12.528221922999364,
        "success": true
    },
    "mengine_n311": {
        "time_taken": 13.565564178003115,
        "success": true
    },
    "mengine_n321": {
        "time_taken": 14.969730996002909,
        "success": true
    },
    "mengine_n331": {
        "time_taken": 16.164018628987833,
        "success": true
    },
    "mengine_n341": {
        "time_taken": 17.771328832997824,
        "success": true
    },
    "mengine_n351": {
        "time_taken": 19.079283186991233,
        "success": true
    },
    "mengine_n361": {
        "time_taken": 21.406615708998288,
        "success": true
    },
    "mengine_n371": {
        "time_taken": 22.773729916996672,
        "success": true
    },
    "mengine_n381": {
        "time_taken": 24.425849478997407,
        "success": true
    },
    "mengine_n391": {
        "time_taken": 25.921026456999243,
        "success": true
    },
    "coqc_n281": {
        "time_taken": 10.90142191699988,
        "success": true
    },
    "coqc_n291": {
        "time_taken": 11.832471516999703,
        "success": true
    },
    "coqc_n301": {
        "time_taken": 11.967904433000058,
        "success": true
    },
    "coqc_n311": {
        "time_taken": 13.309952175000035,
        "success": true
    },
    "coqc_n321": {
        "time_taken": 15.811551599999802,
        "success": true
    },
    "coqc_n331": {
        "time_taken": 17.1361755490002,
        "success": true
    },
    "coqc_n341": {
        "time_taken": 16.703287792000083,
        "success": true
    },
    "coqc_n351": {
        "time_taken": 17.312355991999993,
        "success": true
    },