{
    "mengine_n1_m5": {
        "time_taken": 0.004111142000056134,
        "success": true
    },
    "mengine_n26_m5": {
        "time_taken": 0.030260642000030202,
        "success": true
    },
    "mengine_n51_m5": {
        "time_taken": 0.05370213300011528,
        "success": true
    },
    "mengine_n76_m5": {
        "time_taken": 0.05725167499986128,
        "success": true
    },
    "mengine_n101_m5": {
        "time_taken": 0.0589617159998852,
        "success": true
    },
    "mengine_n126_m5": {
        "time_taken": 0.1077019660001497,
        "success": true
    },
    "mengine_n151_m5": {
        "time_taken": 0.08099888400010968,
        "success": true
    },
    "mengine_n176_m5": {
        "time_taken": 0.14814095800011273,
        "success": true
    },
    "mengine_n201_m5": {
        "time_taken": 0.13587675799999488,
        "success": true
    },
    "mengine_n226_m5": {
        "time_taken": 0.1293491339999946,
        "success": true
    },
    "mengine_n251_m5": {
        "time_taken": 0.14577799099993172,
        "success": true
    },
    "mengine_n276_m5": {
        "time_taken": 0.20214642500013724,
        "success": true
    },
    "mengine_n301_m5": {
        "time_taken": 0.1969272500000443,
        "success": true
    },
    "mengine_n326_m5": {
        "time_taken": 0.17614133300003232,
        "success": true
    },
    "mengine_n351_m5": {
        "time_taken": 0.19453340900008698,
        "success": true
    },
    "mengine_n376_m5": {
        "time_taken": 0.1947439000000486,
        "success": true
    },
    "mengine_n401_m5": {
        "time_taken": 0.2469712919998983,
        "success": true
    },
    "mengine_n426_m5": {
        "time_taken": 0.25911502500002825,
        "success": true
    },
    "mengine_n451_m5": {
        "time_taken": 0.2663655579999613,
        "success": true
    },
    "mengine_n476_m5": {
        "time_taken": 0.27168819199982863,
        "success": true
    },
    "mengine_n501_m5": {
        "time_taken": 0.2431029250001302,
        "success": true
    },
    "mengine_n526_m5": {
        "time_taken": 0.301760116999958,
        "success": true
    },
    "mengine_n551_m5": {
        "time_taken": 0.30647348299999067,
        "success": true
    },
    "mengine_n576_m5": {
        "time_taken": 0.33934560800003055,
        "success": true
    },
    "mengine_n601_m5": {
        "time_taken": 0.3250231829999848,
        "success": true
    },
    "mengine_n626_m5": {
        "time_taken": 0.3242121999999199,
        "success": true
    },
    "mengine_n651_m5": {
        "time_taken": 0.37006926699996257,
        "success": true
    },
    "mengine_n676_m5": {
        "time_taken": 0.3755507169998964,
        "success": true
    },
    "mengine_n701_m5": {
        "time_taken": 0.37245216699989214,
        "success": true
    },
    "mengine_n726_m5": {
        "time_taken": 0.39116664199991646,
        "success": true
    },
    "mengine_n751_m5": {
        "time_taken": 0.41542193300006147,
        "success": true
    },
    "mengine_n776_m5": {
        "time_taken": 0.41898198300009426,
        "success": true
    },
    "mengine_n801_m5": {
        "time_taken": 0.4115277830001105,
        "success": true
    },
    "mengine_n826_m5": {
        "time_taken": 0.43442305799999303,
        "success": true
    },
    "mengine_n851_m5": {
        "time_taken": 0.43518680800002585,
        "success": true
    },
    "mengine_n876_m5": {
        "time_taken": 0.5266600080001353,
        "success": true
    },
    "mengine_n901_m5": {
        "time_taken": 0.46756970000001274,
        "success": true
    },
    "mengine_n926_m5": {
        "time_taken": 0.48878819200012913,
        "success": true
    },
    "mengine_n951_m5": {
        "time_taken": 0.5409144000000197,
        "success": true
    },
    "mengine_n976_m5": {
        "time_taken": 0.5358149329999833,
        "success": true
    },
    "mengine_n1001_m5": {
        "time_taken": 0.5118209409999963,
        "success": true
    },
    "mengine_n1026_m5": {
        "time_taken": 0.5381581829999504,
        "success": true
    },
    "mengine_n1051_m5": {
        "time_taken": 0.5734369330000391,
        "success": true
    },
    "mengine_n1076_m5": {
        "time_taken": 0.6184402250000858,
        "success": true
    },
    "mengine_n1101_m5": {
        "time_taken": 0.6222722999998496,
        "success": true
    },
    "mengine_n1126_m5": {
        "time_taken": 0.6422596920001524,
        "success": true
    },
    "mengine_n1151_m5": {
        "time_taken": 0.6337998330000119,
        "success": true
    },
    "mengine_n1176_m5": {
        "time_taken": 0.6591050919998906,
        "success": true
    },
    "mengine_n1201_m5": {
        "time_taken": 0.6480565000001661,
        "success": true
    },
    "mengine_n1226_m5": {
        "time_taken": 0.6713772000000517,
        "success": true
    },
    "mengine_n1251_m5": {
        "time_taken": 0.6766975589998765,
        "success": true
    },
    "mengine_n1276_m5": {
        "time_taken": 0.6907644249999976,
        "success": true
    },
    "mengine_n1301_m5": {
        "time_taken": 0.7015765249998367,
        "success": true
    },
    "mengine_n1326_m5": {
        "time_taken": 0.7087919579998925,
        "success": true
    },
    "mengine_n1351_m5": {
        "time_taken": 0.7155084089999946,
        "success": true
    },
    "mengine_n1376_m5": {
        "time_taken": 0.7382209249999505,
        "success": true
    },
    "mengine_n1401_m5": {
        "time_taken": 0.8096754250000231,
        "success": true
    },
    "mengine_n1426_m5": {
        "time_taken": 0.8133004750000055,
        "success": true
    },
    "mengine_n1451_m5": {
        "time_taken": 0.8057661080001708,
        "success": true
    },
    "mengine_n1476_m5": {
        "time_taken": 0.836522375000186,
        "success": true
    },
    "mengine_n1501_m5": {
        "time_taken": 0.7941740080000272,
        "success": true
    },
    "mengine_n1526_m5": {
        "time_taken": 0.8353260500000488,
        "success": true
    },
    "mengine_n1551_m5": {
        "time_taken": 0.8336670339999728,
        "success": true
    },
    "mengine_n1576_m5": {
        "time_taken": 0.8688570580000032,
        "success": true
    },
    "mengine_n1601_m5": {
        "time_taken": 0.9123691419999886,
        "success": true
    },
    "mengine_n1626_m5": {
        "time_taken": 0.8571050579998882,
        "success": true
    },
    "mengine_n1651_m5": {
        "time_taken": 0.9486669830000665,
        "success": true
    },
    "mengine_n1676_m5": {
        "time_taken": 0.9476639250001426,
        "success": true
    },
    "mengine_n1701_m5": {
        "time_taken": 1.0296523249999154,
        "success": true
    },
    "mengine_n1726_m5": {
        "time_taken": 0.9385676090000743,
        "success": true
    },
    "mengine_n1751_m5": {
        "time_taken": 0.9712843840000005,
        "success": true
    },
    "mengine_n1776_m5": {
        "time_taken": 1.0149189909998313,
        "success": true
    },
    "mengine_n1801_m5": {
        "time_taken": 1.0583095249999133,
        "success": true
    },
    "mengine_n1826_m5": {
        "time_taken": 1.037552857999799,
        "success": true
    },
    "mengine_n1851_m5": {
        "time_taken": 1.0479656420000083,
        "success": true
    },
    "mengine_n1876_m5": {
        "time_taken": 1.0749901499998487,
        "success": true
    },
    "mengine_n1901_m5": {
        "time_taken": 1.0793761329998688,
        "success": true
    },
    "mengine_n1926_m5": {
        "time_taken": 1.2482673670001532,
        "success": true
    },
    "mengine_n1951_m5": {
        "time_taken": 1.1117154749999827,
        "success": true
    },
    "mengine_n1976_m5": {
        "time_taken": 1.12260600899981,
        "success": true
    },
    "coqc_n1_m5": {
        "time_taken": 0.12679192499990677,
        "success": true
    },