{
    "mengine_n1_m5": {
        "time_taken": 0.010334011999930226,
        "success": true
    },
    "mengine_n26_m5": {
        "time_taken": 0.02897083300013037,
        "success": true
    },
    "mengine_n51_m5": {
        "time_taken": 0.045476151000002574,
        "success": true
    },
    "mengine_n76_m5": {
        "time_taken": 0.06914627800006201,
        "success": true
    },
    "mengine_n101_m5": {
        "time_taken": 0.06955077799966602,
        "success": true
    },
    "mengine_n126_m5": {
        "time_taken": 0.08337999400009721,
        "success": true
    },
    "mengine_n151_m5": {
        "time_taken": 0.13167764900026668,
        "success": true
    },
    "mengine_n176_m5": {
        "time_taken": 0.1113217270003588,
        "success": true
    },
    "mengine_n201_m5": {
        "time_taken": 0.1298118469999281,
        "success": true
    },
    "mengine_n226_m5": {
        "time_taken": 0.13422955199985154,
        "success": true
    },
    "mengine_n251_m5": {
        "time_taken": 0.1370657550000942,
        "success": true
    },
    "mengine_n276_m5": {
        "time_taken": 0.13777465600014693,
        "success": true
    },
    "mengine_n301_m5": {
        "time_taken": 0.20510953400025755,
        "success": true
    },
    "mengine_n326_m5": {
        "time_taken": 0.29186423200007994,
        "success": true
    },
    "mengine_n351_m5": {
        "time_taken": 0.16946739299964975,
        "success": true
    },
    "mengine_n376_m5": {
        "time_taken": 0.19958082800030752,
        "success": true
    },
    "mengine_n401_m5": {
        "time_taken": 0.21625734700000976,
        "success": true
    },
    "mengine_n426_m5": {
        "time_taken": 0.19923732799998106,
        "success": true
    },
    "mengine_n451_m5": {
        "time_taken": 0.21015924000039377,
        "success": true
    },
    "mengine_n476_m5": {
        "time_taken": 0.25257548899980975,
        "success": true
    },
    "mengine_n501_m5": {
        "time_taken": 0.27469601499979035,
        "success": true
    },
    "mengine_n526_m5": {
        "time_taken": 0.2936204370002997,
        "success": true
    },
    "mengine_n551_m5": {
        "time_taken": 0.28351902600024914,
        "success": true
    },
    "mengine_n576_m5": {
        "time_taken": 0.2732053139998243,
        "success": true
    },
    "mengine_n601_m5": {
        "time_taken": 0.40332486400029666,
        "success": true
    },
    "mengine_n626_m5": {
        "time_taken": 0.30014464599980784,
        "success": true
    },
    "mengine_n651_m5": {
        "time_taken": 0.5750786650000919,
        "success": true
    },
    "mengine_n676_m5": {
        "time_taken": 0.41279237900016597,
        "success": true
    },
    "mengine_n701_m5": {
        "time_taken": 0.3914822440001444,
        "success": true
    },
    "mengine_n726_m5": {
        "time_taken": 0.4991581019999103,
        "success": true
    },
    "mengine_n751_m5": {
        "time_taken": 0.6455736910002088,
        "success": true
    },
    "mengine_n776_m5": {
        "time_taken": 0.5558575380000548,
        "success": true
    },
    "mengine_n801_m5": {
        "time_taken": 0.6340833889998976,
        "success": true
    },
    "mengine_n826_m5": {
        "time_taken": 0.4775636940003096,
        "success": true
    },
    "mengine_n851_m5": {
        "time_taken": 0.45605658200020116,
        "success": true
    },
    "mengine_n876_m5": {
        "time_taken": 0.46432068800004345,
        "success": true
    },
    "mengine_n901_m5": {
        "time_taken": 0.5829515630002788,
        "success": true
    },
    "mengine_n926_m5": {
        "time_taken": 0.6973747359998015,
        "success": true
    },
    "mengine_n951_m5": {
        "time_taken": 0.9007355670000834,
        "success": true
    },
    "mengine_n976_m5": {
        "time_taken": 0.9383079949998319,
        "success": true
    },
    "mengine_n1001_m5": {
        "time_taken": 0.6928132160001041,
        "success": true
    },
    "mengine_n1026_m5": {
        "time_taken": 0.7713744369998494,
        "success": true
    },
    "coqc_n1_m5_rewritebng": {
        "time_taken": 0.17421572299963373,
        "success": true
    },
    "coqc_n1_m5_repeatrewrite": {
        "time_taken": 0.16249443600008817,
        "success": true
    },
    "coqc_n1_m5_repeatsetoidrewrite": {
        "time_taken": 0.20429539400038266,
        "success": true
    },
    "coqc_n1_m5_rewritebottomup": {
        "time_taken": 0.2070630909997817,
        "success": true
    },
    "coqc_n1_m5_rewritetopdown": {
        "time_taken": 0.19103210699995543,
        "success": true
    },
    "coqc_n6_m5_rewritebng": {
        "time_taken": 0.13712596100003793,
        "success": true
    },
    "coqc_n6_m5_repeatrewrite": {
        "time_taken": 0.2233565759997873,
        "success": true
    },
    "coqc_n6_m5_repeatsetoidrewrite": {
        "time_taken": 4.242354222000358,
        "success": true
    },
    "coqc_n6_m5_rewritebottomup": {
        "time_taken": 3.782796135999888,
        "success": true
    },
    "coqc_n6_m5_rewritetopdown": {
        "time_taken": 3.700627940999766,
        "success": true
    },
    "coqc_n11_m5_rewritebng": {
        "time_taken": 0.3503188679997038,
        "success": true
    },
    "coqc_n11_m5_repeatrewrite": {
        "time_taken": 0.33486996999999974,
        "success": true
    },
    "coqc_n16_m5_rewritebng": {
        "time_taken": 1.3871660849999898,
        "success": true
    },
    "coqc_n16_m5_repeatrewrite": {
        "time_taken": 1.3306547679999312,
        "success": true
    },
    "coqc_n21_m5_rewritebng": {
        "time_taken": 3.720406341999933,
        "success": true
    },
    "coqc_n21_m5_repeatrewrite": {
        "time_taken": 4.320201788999839,
        "success": true
    },
    "coqc_n26_m5_rewritebng": {
        "time_taken": 9.562999541999943,
        "success": true
    },
    "coqc_n26_m5_repeatrewrite": {
        "time_taken": 9.32083492899983,
        "success": true
    },
    "coqc_n31_m5_rewritebng": {
        "time_taken": 22.370977665999817,
        "success": true
    },
    "coqc_n11_m5_repeatsetoidrewrite": {
        "time_taken": 29.540547221999077,
        "success": true
    },
    "coqc_n11_m5_rewritebottomup": {
        "time_taken": 30.044718577999447,
        "success": false
    },
    "coqc_n11_m5_rewritetopdown": {
        "time_taken": 30.059985204999975,
        "success": false
    },
    "coqc_n16_m5_repeatsetoidrewrite": {
        "time_taken": 30.03233170400017,
        "success": false
    },
    "coqc_n16_m5_rewritebottomup": {
        "time_taken": 30.048680803000025,
        "success": false
    },
    "coqc_n16_m5_rewritetopdown": {
        "time_taken": 30.05082110100011,
        "success": false
    },
    "coqc_n21_m5_repeatsetoidrewrite": {
        "time_taken": 30.039806864999264,
        "success": false
    },
    "coqc_n21_m5_rewritebottomup": {
        "time_taken": 30.050798378000763,
        "success": false
    },
    "coqc_n21_m5_rewritetopdown": {
        "time_taken": 30.04677341599927,
        "success": false
    },
    "coqc_n26_m5_repeatsetoidrewrite": {
        "time_taken": 30.057598826000685,
        "success": false
    },
    "coqc_n26_m5_rewritebottomup": {
        "time_taken": 30.039755088000675,
        "success": false
    },
    "coqc_n26_m5_rewritetopdown": {
        "time_taken": 30.048092188000737,
        "success": false
    },
    "coqc_n31_m5_repeatrewrite": {
        "time_taken": 13.658730905000994,
        "success": true
    },
    "coqc_n31_m5_repeatsetoidrewrite": {
        "time_taken": 30.075414314998852,
        "success": false
    },
    "coqc_n31_m5_rewritebottomup": {
        "time_taken": 30.09497278500021,
        "success": false
    },
    "coqc_n36_m5_repeatrewrite": {
        "time_taken": 30.181332402000407,
        "success": false
    },